timestamp,symbol,open,high,low,close,volume
2026-09-24T15:59:00-04:00,ALPHA,99.8800,99.9400,99.8500,99.9000,1200
2026-09-25T09:30:00-04:00,ALPHA,99.9805,100.0600,99.9205,100.0000,1000
2026-09-25T09:31:00-04:00,ALPHA,100.0180,100.1115,99.9580,100.0515,1000
2026-09-25T09:32:00-04:00,ALPHA,100.0611,100.1388,100.0011,100.0788,1000
2026-09-25T09:33:00-04:00,ALPHA,100.0754,100.1354,100.0091,100.0691,1000
2026-09-25T09:34:00-04:00,ALPHA,100.0543,100.1143,99.9668,100.0268,1000
2026-09-25T09:35:00-04:00,ALPHA,100.0076,100.0676,99.9119,99.9719,1000
2026-09-25T09:36:00-04:00,ALPHA,99.9574,100.0174,99.8703,99.9303,1000
2026-09-25T09:37:00-04:00,ALPHA,99.9272,99.9872,99.8614,99.9214,1000
2026-09-25T09:38:00-04:00,ALPHA,99.9312,100.0095,99.8712,99.9495,1000
2026-09-25T09:39:00-04:00,ALPHA,99.9676,100.0613,99.9076,100.0013,1000
2026-09-25T09:40:00-04:00,ALPHA,100.0193,100.1126,99.9593,100.0526,1000
2026-09-25T09:41:00-04:00,ALPHA,100.0618,100.1391,100.0018,100.0791,1000
2026-09-25T09:42:00-04:00,ALPHA,100.0753,100.1353,100.0084,100.0684,1000
2026-09-25T09:43:00-04:00,ALPHA,100.0534,100.1134,99.9655,100.0255,1000
2026-09-25T09:44:00-04:00,ALPHA,100.0063,100.0663,99.9107,99.9707,1000
2026-09-25T09:45:00-04:00,ALPHA,100.0479,100.2513,99.9879,100.1913,1000
2026-09-25T09:46:00-04:00,ALPHA,100.2093,100.3028,100.1493,100.2428,1000
2026-09-25T09:47:00-04:00,ALPHA,100.2632,100.3610,100.2032,100.3010,1000
2026-09-25T09:48:00-04:00,ALPHA,100.3291,100.4412,100.2691,100.3812,1000
2026-09-25T09:49:00-04:00,ALPHA,100.4154,100.5387,100.3554,100.4787,1000
2026-09-25T09:50:00-04:00,ALPHA,100.5117,100.6328,100.4517,100.5728,1000
2026-09-25T09:51:00-04:00,ALPHA,100.5984,100.7059,100.5384,100.6459,1000
2026-09-25T09:52:00-04:00,ALPHA,100.6648,100.7598,100.6048,100.6998,1000
2026-09-25T09:53:00-04:00,ALPHA,100.7187,100.8138,100.6587,100.7538,1000
2026-09-25T09:54:00-04:00,ALPHA,100.7796,100.8874,100.7196,100.8274,1200
2026-09-25T09:55:00-04:00,ALPHA,100.8604,100.9817,100.8004,100.9217,1850
2026-09-25T09:56:00-04:00,ALPHA,100.9558,101.0791,100.8958,101.0191,2500
2026-09-25T09:57:00-04:00,ALPHA,101.0470,101.1589,100.9870,101.0989,3150
2026-09-25T09:58:00-04:00,ALPHA,101.1192,101.2168,101.0592,101.1568,3800
2026-09-25T09:59:00-04:00,ALPHA,101.1748,101.2684,101.1148,101.2084,4450
2026-09-25T10:00:00-04:00,ALPHA,101.2318,101.3353,101.1718,101.2753,5100
2026-09-24T15:59:00-04:00,BETA,7.9800,8.0400,7.9500,8.0000,900
2026-09-25T09:30:00-04:00,BETA,8.7005,8.7800,8.6405,8.7200,900
2026-09-25T09:31:00-04:00,BETA,8.7400,8.8371,8.6800,8.7771,900
2026-09-25T09:32:00-04:00,BETA,8.7918,8.8790,8.7318,8.8190,900
2026-09-25T09:33:00-04:00,BETA,8.8262,8.8996,8.7662,8.8396,900
2026-09-25T09:34:00-04:00,BETA,8.8419,8.9060,8.7819,8.8460,900
2026-09-25T09:35:00-04:00,BETA,8.8486,8.9135,8.7886,8.8535,900
2026-09-25T09:36:00-04:00,BETA,8.8618,8.9371,8.8018,8.8771,900
2026-09-25T09:37:00-04:00,BETA,8.8928,8.9819,8.8328,8.9219,900
2026-09-25T09:38:00-04:00,BETA,8.9423,9.0401,8.8823,8.9801,900
2026-09-25T09:39:00-04:00,BETA,8.9996,9.0958,8.9396,9.0358,900
2026-09-25T09:40:00-04:00,BETA,9.0494,9.1346,8.9894,9.0746,900
2026-09-25T09:41:00-04:00,BETA,9.0809,9.1525,9.0209,9.0925,900
2026-09-25T09:42:00-04:00,BETA,9.0944,9.1579,9.0344,9.0979,900
2026-09-25T09:43:00-04:00,BETA,9.1011,9.1670,9.0411,9.1070,900
2026-09-25T09:44:00-04:00,BETA,9.1164,9.1937,9.0564,9.1337,900
2026-09-25T09:45:00-04:00,BETA,9.1504,9.2412,9.0904,9.1812,900
2026-09-25T09:46:00-04:00,BETA,9.2018,9.3001,9.1418,9.2401,900
2026-09-25T09:47:00-04:00,BETA,9.2590,9.3541,9.1990,9.2941,900
2026-09-25T09:48:00-04:00,BETA,9.3066,9.3898,9.2466,9.3298,900
2026-09-25T09:49:00-04:00,BETA,9.3351,9.4050,9.2751,9.3450,900
2026-09-25T09:50:00-04:00,BETA,9.3467,9.4099,9.2867,9.3499,1400
2026-09-25T09:51:00-04:00,BETA,9.3538,9.4209,9.2938,9.3609,1820
2026-09-25T09:52:00-04:00,BETA,9.3714,9.4508,9.3114,9.3908,2240
2026-09-25T09:53:00-04:00,BETA,9.4083,9.5008,9.3483,9.4408,2660
2026-09-25T09:54:00-04:00,BETA,9.4615,9.5600,9.4015,9.5000,3080
2026-09-25T09:55:00-04:00,BETA,9.5182,9.6120,9.4582,9.5520,3500
2026-09-25T09:56:00-04:00,BETA,9.5633,9.6445,9.5033,9.5845,3920
2026-09-25T09:57:00-04:00,BETA,9.5890,9.6573,9.5290,9.5973,4340
2026-09-25T09:58:00-04:00,BETA,9.5990,9.6621,9.5390,9.6021,4760
2026-09-25T09:59:00-04:00,BETA,9.6067,9.6753,9.5467,9.6153,5180
2026-09-25T10:00:00-04:00,BETA,9.6268,9.7083,9.5668,9.6483,5600
2026-09-24T15:59:00-04:00,GAMMA,19.9800,20.0400,19.9500,20.0000,1100
2026-09-25T09:30:00-04:00,GAMMA,20.5305,20.6100,20.4705,20.5500,1100
2026-09-25T09:31:00-04:00,GAMMA,20.5699,20.6669,20.5099,20.6069,1100
2026-09-25T09:32:00-04:00,GAMMA,20.6231,20.7130,20.5631,20.6530,1100
2026-09-25T09:33:00-04:00,GAMMA,20.6638,20.7439,20.6038,20.6839,1100
2026-09-25T09:34:00-04:00,GAMMA,20.6911,20.7645,20.6311,20.7045,1100
2026-09-25T09:35:00-04:00,GAMMA,20.7121,20.7861,20.6521,20.7261,1100
2026-09-25T09:36:00-04:00,GAMMA,20.7376,20.8191,20.6776,20.7591,1100
2026-09-25T09:37:00-04:00,GAMMA,20.7759,20.8672,20.7159,20.8072,1100
2026-09-25T09:38:00-04:00,GAMMA,20.8274,20.9249,20.7674,20.8649,1100
2026-09-25T09:39:00-04:00,GAMMA,20.8845,20.9808,20.8245,20.9208,1100
2026-09-25T09:40:00-04:00,GAMMA,20.9362,21.0247,20.8762,20.9647,1100
2026-09-25T09:41:00-04:00,GAMMA,20.9748,21.0536,20.9148,20.9936,1100
2026-09-25T09:42:00-04:00,GAMMA,21.0006,21.0736,20.9406,21.0136,1100
2026-09-25T09:43:00-04:00,GAMMA,21.0216,21.0963,20.9616,21.0363,1100
2026-09-25T09:44:00-04:00,GAMMA,21.0486,21.1315,20.9886,21.0715,1100
2026-09-25T09:45:00-04:00,GAMMA,21.0890,21.1816,21.0290,21.1216,1100
2026-09-25T09:46:00-04:00,GAMMA,21.1420,21.2398,21.0820,21.1798,1100
2026-09-25T09:47:00-04:00,GAMMA,21.1989,21.2945,21.1389,21.2345,1100
2026-09-25T09:48:00-04:00,GAMMA,21.2491,21.3361,21.1891,21.2761,1100
2026-09-25T09:49:00-04:00,GAMMA,21.2856,21.3632,21.2256,21.3032,1100
2026-09-25T09:50:00-04:00,GAMMA,21.3100,21.3828,21.2500,21.3228,1500
2026-09-25T09:51:00-04:00,GAMMA,21.3312,21.4068,21.2712,21.3468,1860
2026-09-25T09:52:00-04:00,GAMMA,21.3599,21.4443,21.2999,21.3843,2220
2026-09-25T09:53:00-04:00,GAMMA,21.4024,21.4961,21.3424,21.4361,2580
2026-09-25T09:54:00-04:00,GAMMA,21.4566,21.5546,21.3966,21.4946,2940
2026-09-25T09:55:00-04:00,GAMMA,21.5132,21.6078,21.4532,21.5478,3300
2026-09-25T09:56:00-04:00,GAMMA,21.5616,21.6472,21.5016,21.5872,3660
2026-09-25T09:57:00-04:00,GAMMA,21.5961,21.6725,21.5361,21.6125,4020
2026-09-25T09:58:00-04:00,GAMMA,21.6194,21.6921,21.5594,21.6321,4380
2026-09-25T09:59:00-04:00,GAMMA,21.6410,21.7176,21.5810,21.6576,4740
2026-09-25T10:00:00-04:00,GAMMA,21.6715,21.7574,21.6115,21.6974,5100
2026-09-24T15:59:00-04:00,SPY,667.9800,668.0400,667.9500,668.0000,5000
2026-09-25T09:30:00-04:00,SPY,668.0805,668.1600,668.0205,668.1000,5000
2026-09-25T09:31:00-04:00,SPY,668.1221,668.2232,668.0621,668.1632,5020
2026-09-25T09:32:00-04:00,SPY,668.1807,668.2733,668.1207,668.2133,5040
2026-09-25T09:33:00-04:00,SPY,668.2245,668.3053,668.1645,668.2453,5060
2026-09-25T09:34:00-04:00,SPY,668.2521,668.3249,668.1921,668.2649,5080
2026-09-25T09:35:00-04:00,SPY,668.2722,668.3456,668.2122,668.2856,5100
2026-09-25T09:36:00-04:00,SPY,668.2977,668.3801,668.2377,668.3201,5120
2026-09-25T09:37:00-04:00,SPY,668.3385,668.4327,668.2785,668.3727,5140
2026-09-25T09:38:00-04:00,SPY,668.3952,668.4968,668.3352,668.4368,5160
2026-09-25T09:39:00-04:00,SPY,668.4585,668.5588,668.3985,668.4988,5180
2026-09-25T09:40:00-04:00,SPY,668.5154,668.6063,668.4554,668.5463,5200
2026-09-25T09:41:00-04:00,SPY,668.5567,668.6359,668.4967,668.5759,5220
2026-09-25T09:42:00-04:00,SPY,668.5825,668.6548,668.5225,668.5948,5240
2026-09-25T09:43:00-04:00,SPY,668.6025,668.6768,668.5425,668.6168,5260
2026-09-25T09:44:00-04:00,SPY,668.6298,668.7140,668.5698,668.6540,5280
2026-09-25T09:45:00-04:00,SPY,668.6732,668.7689,668.6132,668.7089,5300
2026-09-25T09:46:00-04:00,SPY,668.7316,668.8336,668.6716,668.7736,5320
2026-09-25T09:47:00-04:00,SPY,668.7948,668.8941,668.7348,668.8341,5340
2026-09-25T09:48:00-04:00,SPY,668.8498,668.9390,668.7898,668.8790,5360
2026-09-25T09:49:00-04:00,SPY,668.8885,668.9663,668.8285,668.9063,5380
2026-09-25T09:50:00-04:00,SPY,668.9127,668.9847,668.8527,668.9247,5400
2026-09-25T09:51:00-04:00,SPY,668.9330,669.0084,668.8730,668.9484,5420
2026-09-25T09:52:00-04:00,SPY,668.9623,669.0482,668.9023,668.9882,5440
2026-09-25T09:53:00-04:00,SPY,669.0082,669.1053,668.9482,669.0453,5460
2026-09-25T09:54:00-04:00,SPY,669.0680,669.1703,669.0080,669.1103,5480
2026-09-25T09:55:00-04:00,SPY,669.1309,669.2291,669.0709,669.1691,5500
2026-09-25T09:56:00-04:00,SPY,669.1838,669.2712,669.1238,669.2112,5520
2026-09-25T09:57:00-04:00,SPY,669.2200,669.2964,669.1600,669.2364,5540
2026-09-25T09:58:00-04:00,SPY,669.2428,669.3147,669.1828,669.2547,5560
2026-09-25T09:59:00-04:00,SPY,669.2637,669.3403,669.2037,669.2803,5580
2026-09-25T10:00:00-04:00,SPY,669.2952,669.3828,669.2352,669.3228,5600
2026-09-24T15:59:00-04:00,QQQ,601.9800,602.0400,601.9500,602.0000,4500
2026-09-25T09:30:00-04:00,QQQ,602.0805,602.1600,602.0205,602.1000,4500
2026-09-25T09:31:00-04:00,QQQ,602.1214,602.2213,602.0614,602.1613,4518
2026-09-25T09:32:00-04:00,QQQ,602.1789,602.2717,602.1189,602.2117,4536
2026-09-25T09:33:00-04:00,QQQ,602.2240,602.3069,602.1640,602.2469,4554
2026-09-25T09:34:00-04:00,QQQ,602.2556,602.3319,602.1956,602.2719,4572
2026-09-25T09:35:00-04:00,QQQ,602.2809,602.3577,602.2209,602.2977,4590
2026-09-25T09:36:00-04:00,QQQ,602.3108,602.3951,602.2508,602.3351,4608
2026-09-25T09:37:00-04:00,QQQ,602.3535,602.4476,602.2935,602.3876,4626
2026-09-25T09:38:00-04:00,QQQ,602.4093,602.5096,602.3493,602.4496,4644
2026-09-25T09:39:00-04:00,QQQ,602.4707,602.5698,602.4107,602.5098,4662
2026-09-25T09:40:00-04:00,QQQ,602.5267,602.6181,602.4667,602.5581,4680
2026-09-25T09:41:00-04:00,QQQ,602.5697,602.6513,602.5097,602.5913,4698
2026-09-25T09:42:00-04:00,QQQ,602.5998,602.6756,602.5398,602.6156,4716
2026-09-25T09:43:00-04:00,QQQ,602.6251,602.7026,602.5651,602.6426,4734
2026-09-25T09:44:00-04:00,QQQ,602.6565,602.7422,602.5965,602.6822,4752
2026-09-25T09:45:00-04:00,QQQ,602.7012,602.7966,602.6412,602.7366,4770
2026-09-25T09:46:00-04:00,QQQ,602.7585,602.8591,602.6985,602.7991,4788
2026-09-25T09:47:00-04:00,QQQ,602.8198,602.9181,602.7598,602.8581,4806
2026-09-25T09:48:00-04:00,QQQ,602.8742,602.9641,602.8142,602.9041,4824
2026-09-25T09:49:00-04:00,QQQ,602.9151,602.9955,602.8551,602.9355,4842
2026-09-25T09:50:00-04:00,QQQ,602.9439,603.0195,602.8839,602.9595,4860
2026-09-25T09:51:00-04:00,QQQ,602.9694,603.0478,602.9094,602.9878,4878
2026-09-25T09:52:00-04:00,QQQ,603.0024,603.0896,602.9424,603.0296,4896
2026-09-25T09:53:00-04:00,QQQ,603.0493,603.1458,602.9893,603.0858,4914
2026-09-25T09:54:00-04:00,QQQ,603.1078,603.2086,603.0478,603.1486,4932
2026-09-25T09:55:00-04:00,QQQ,603.1687,603.2662,603.1087,603.2062,4950
2026-09-25T09:56:00-04:00,QQQ,603.2215,603.3099,603.1615,603.2499,4968
2026-09-25T09:57:00-04:00,QQQ,603.2603,603.3395,603.2003,603.2795,4986
2026-09-25T09:58:00-04:00,QQQ,603.2879,603.3634,603.2279,603.3034,5004
2026-09-25T09:59:00-04:00,QQQ,603.3139,603.3933,603.2539,603.3333,5022
2026-09-25T10:00:00-04:00,QQQ,603.3487,603.4374,603.2887,603.3774,5040
